,#,Team,Wins,Losses,Pts,Rbds,Offense,Defense,Diff,Year
0,1,Lakers,67,15,8.55,3.87,107.90,98.75,9.15,2000
1,2,Trailblazers,59,23,6.40,4.00,108.62,101.48,7.14,2000
2,3,Pacers,56,26,4.60,-1.60,109.13,104.17,4.95,2000
3,4,Jazz,55,27,4.46,2.91,108.01,103.01,5.00,2000
4,5,Spurs,53,29,5.94,2.40,105.79,99.26,6.53,2000
5,6,Suns,53,29,5.22,0.54,105.17,99.62,5.55,2000
6,7,Heat,52,30,3.11,2.74,105.36,101.89,3.47,2000
7,8,Knicks,50,32,1.46,-0.55,103.17,101.53,1.64,2000
8,9,Timberwolves,50,32,2.52,1.60,106.76,104.02,2.74,2000
9,10,Pelicans,49,33,2.67,0.04,104.93,102.09,2.85,2000
10,11,76ers,49,33,1.34,0.60,102.12,100.67,1.45,2000
11,12,Raptors,45,37,-0.16,0.41,105.35,105.52,-0.17,2000
12,13,Sonics,45,37,0.95,-2.07,106.17,105.16,1.02,2000
13,14,Kings,44,38,2.92,-2.60,105.51,102.58,2.93,2000
14,15,Bucks,42,40,0.22,-0.20,108.97,108.73,0.24,2000
15,16,Pistons,42,40,1.44,-1.24,107.96,106.46,1.50,2000
16,17,Magic,41,41,0.68,1.45,103.05,102.35,0.70,2000
17,18,Mavericks,40,42,-0.57,-7.26,107.17,107.78,-0.61,2000
18,19,Celtics,35,47,-0.76,1.67,105.34,106.14,-0.80,2000
19,20,Nuggets,35,47,-2.12,0.37,104.10,106.33,-2.23,2000
20,21,Rockets,34,48,-0.87,1.41,105.46,106.37,-0.92,2000
21,22,Cavaliers,32,50,-3.50,-1.10,101.03,104.68,-3.65,2000
22,23,Nets,31,51,-1.04,-5.26,105.87,106.99,-1.12,2000
23,24,Wizards,29,53,-3.28,1.49,104.17,107.70,-3.54,2000
24,25,Hawks,28,54,-5.38,2.32,102.64,108.50,-5.85,2000
25,26,Grizzlies,22,60,-5.62,0.27,103.19,109.36,-6.18,2000
26,27,Warriors,19,63,-8.27,-0.54,100.36,109.05,-8.69,2000
27,28,Bulls,17,65,-9.40,-0.74,95.25,105.81,-10.56,2000
28,29,Clippers,15,67,-11.52,-4.94,98.45,110.78,-12.33,2000
29,1,Spurs,58,24,7.76,2.62,107.23,98.58,8.65,2001
30,2,76ers,56,26,4.28,3.95,104.31,99.60,4.72,2001
31,3,Lakers,56,26,3.38,3.41,109.15,105.48,3.66,2001
32,4,Kings,55,27,5.82,-0.88,106.31,100.23,6.08,2001
33,5,Mavericks,53,29,4.28,-3.52,107.88,103.29,4.60,2001
34,6,Jazz,53,29,4.70,3.28,108.27,103.03,5.24,2001
35,7,Bucks,52,30,3.88,-0.35,109.48,105.27,4.22,2001
36,8,Suns,51,31,2.21,0.11,100.93,98.56,2.37,2001
37,9,Trailblazers,50,32,4.20,3.12,107.17,102.46,4.71,2001
38,10,Heat,50,32,2.29,-2.37,101.86,99.23,2.63,2001
39,11,Knicks,48,34,2.63,0.09,102.08,99.05,3.03,2001
40,12,Raptors,47,35,2.26,2.56,106.58,104.12,2.46,2001
41,13,Timberwolves,47,35,1.35,0.00,105.86,104.39,1.47,2001
42,14,Pelicans,46,36,2.10,3.82,102.59,100.25,2.34,2001
43,15,Rockets,45,37,2.29,0.43,107.48,104.95,2.54,2001
44,16,Sonics,44,38,0.02,-0.68,106.35,106.32,0.03,2001
45,17,Magic,43,39,0.99,-1.84,103.92,102.87,1.05,2001
46,18,Pacers,41,41,-0.20,-0.26,102.79,103.00,-0.22,2001
47,19,Nuggets,40,42,-2.46,-0.33,104.24,106.90,-2.66,2001
48,20,Celtics,36,46,-2.13,-3.34,102.27,104.58,-2.31,2001
49,21,Pistons,32,50,-1.70,0.62,100.61,102.39,-1.78,2001
50,22,Clippers,31,51,-2.89,0.50,102.21,105.40,-3.20,2001
51,23,Cavaliers,30,52,-4.24,0.79,101.06,105.71,-4.65,2001
52,24,Nets,26,56,-5.05,-4.60,100.80,106.33,-5.53,2001
53,25,Hawks,25,57,-5.21,-0.55,99.51,105.21,-5.70,2001
54,26,Grizzlies,23,59,-5.73,-3.18,100.09,106.35,-6.25,2001
55,27,Wizards,19,63,-6.67,0.55,101.39,108.64,-7.25,2001
56,28,Warriors,17,65,-9.05,-0.02,98.38,108.00,-9.63,2001
57,29,Bulls,15,67,-9.10,-3.93,98.08,108.27,-10.19,2001
58,1,Kings,61,21,7.61,0.40,109.62,101.64,7.97,2002
59,2,Lakers,58,24,7.12,1.06,110.09,102.35,7.74,2002
60,3,Spurs,58,24,6.21,0.50,107.30,100.41,6.89,2002
61,4,Mavericks,57,25,4.26,-2.18,112.71,108.16,4.56,2002
62,5,Nets,52,30,4.16,0.46,104.65,100.13,4.52,2002
63,6,Timberwolves,50,32,3.38,4.67,109.68,105.95,3.73,2002
64,7,Pistons,50,32,2.13,-3.96,105.68,103.29,2.39,2002
65,8,Trailblazers,49,33,2.99,3.80,108.20,104.86,3.35,2002
66,9,Celtics,49,33,2.21,-3.66,103.95,101.57,2.38,2002
67,10,Sonics,45,37,3.02,-1.41,109.59,106.20,3.39,2002
68,11,Jazz,44,38,0.89,3.98,106.31,105.32,0.99,2002
69,12,Magic,44,38,1.57,-4.15,107.62,105.93,1.69,2002
70,13,Pelicans,44,38,0.96,2.46,105.10,104.02,1.08,2002
71,14,76ers,43,39,1.60,3.62,103.11,101.30,1.81,2002
72,15,Raptors,42,40,-0.44,0.23,103.45,103.94,-0.50,2002
73,16,Pacers,42,40,0.27,-0.78,104.87,104.58,0.29,2002
74,17,Bucks,41,41,-0.22,-1.10,107.64,107.88,-0.24,2002
75,18,Clippers,39,43,-0.46,1.39,106.33,106.84,-0.52,2002
76,19,Wizards,37,45,-1.40,1.37,105.52,107.12,-1.60,2002
77,20,Heat,36,46,-1.54,0.83,99.34,101.09,-1.75,2002
78,21,Suns,36,46,-0.68,-0.26,103.98,104.72,-0.75,2002
79,22,Hawks,33,49,-4.23,-1.52,102.76,107.38,-4.62,2002
80,23,Knicks,30,52,-3.99,-2.01,102.05,106.49,-4.44,2002
81,24,Cavaliers,29,53,-3.33,1.72,105.38,109.07,-3.68,2002
82,25,Rockets,28,54,-4.89,-1.41,103.98,109.49,-5.51,2002
83,26,Nuggets,27,55,-5.82,-1.18,102.24,108.69,-6.45,2002
84,27,Grizzlies,23,59,-7.44,-3.63,98.81,106.98,-8.18,2002
85,28,Bulls,21,61,-8.54,-2.61,99.11,108.57,-9.46,2002
86,29,Warriors,21,61,-5.40,3.38,103.46,109.18,-5.72,2002
87,1,Mavericks,60,22,7.78,-3.30,111.43,103.01,8.42,2003
88,2,Spurs,60,22,5.42,1.76,106.27,100.26,6.01,2003
89,3,Kings,59,23,6.50,-1.32,106.46,99.66,6.80,2003
90,4,Timberwolves,51,31,2.07,1.89,106.65,104.40,2.25,2003
91,5,Trailblazers,50,32,2.61,2.02,106.46,103.54,2.92,2003
92,6,Pistons,50,32,3.68,-0.72,104.92,100.69,4.23,2003
93,7,Lakers,50,32,2.33,2.20,107.84,105.34,2.50,2003
94,8,Nets,49,33,5.22,1.54,104.37,98.66,5.71,2003
95,9,Pacers,48,34,3.49,1.98,105.32,101.53,3.79,2003
96,10,76ers,48,34,2.31,1.82,105.71,103.20,2.52,2003
97,11,Jazz,47,35,2.39,3.30,106.35,103.66,2.69,2003
98,12,Pelicans,47,35,2.11,3.60,104.58,102.23,2.35,2003
99,13,Suns,44,38,1.13,-0.35,104.48,103.24,1.24,2003
100,14,Celtics,44,38,-0.39,-4.48,101.88,102.31,-0.43,2003
101,15,Rockets,43,39,1.48,3.12,105.13,103.48,1.66,2003
102,16,Bucks,42,40,0.23,-3.89,109.65,109.39,0.26,2003
103,17,Magic,42,40,0.13,-2.63,105.81,105.66,0.14,2003
104,18,Sonics,40,42,-0.12,-0.63,104.52,104.66,-0.14,2003
105,19,Warriors,38,44,-1.13,2.90,108.89,110.10,-1.21,2003
106,20,Knicks,37,45,-1.35,-4.02,105.26,106.75,-1.49,2003
107,21,Wizards,37,45,-1.01,-1.02,103.83,104.98,-1.15,2003
108,22,Hawks,35,47,-3.56,0.02,103.00,106.90,-3.90,2003
109,23,Bulls,30,52,-5.13,-1.99,100.88,106.34,-5.46,2003
110,24,Grizzlies,28,54,-3.23,-3.32,104.48,107.94,-3.46,2003
111,25,Clippers,27,55,-4.12,-0.44,103.00,107.53,-4.53,2003
112,26,Heat,25,57,-5.05,-0.57,97.51,103.27,-5.75,2003
113,27,Raptors,24,58,-5.87,-2.43,101.33,107.87,-6.54,2003
114,28,Cavaliers,17,65,-9.62,2.89,97.29,107.53,-10.24,2003
115,29,Nuggets,17,65,-8.28,2.09,93.19,102.36,-9.17,2003
116,1,Pacers,61,21,5.76,1.55,104.73,98.13,6.60,2004
117,2,Timberwolves,58,24,5.49,1.45,106.55,100.36,6.18,2004
118,3,Spurs,57,25,7.22,4.02,102.92,94.80,8.12,2004
119,4,Lakers,56,26,3.90,0.68,106.19,101.97,4.22,2004
120,5,Kings,55,27,5.01,-2.70,110.86,105.46,5.40,2004
121,6,Pistons,54,28,5.84,2.11,103.18,96.49,6.69,2004
122,7,Mavericks,52,30,4.44,1.72,112.87,108.11,4.76,2004
123,8,Grizzlies,50,32,2.44,-2.18,105.65,102.99,2.67,2004
124,9,Nets,47,35,2.50,-0.11,101.69,98.87,2.82,2004
125,10,Rockets,45,37,1.73,2.88,101.87,99.91,1.97,2004
126,11,Nuggets,43,39,1.07,-0.62,104.81,103.65,1.16,2004
127,12,Heat,42,40,0.52,0.26,103.01,102.41,0.60,2004
128,13,Jazz,42,40,-1.22,4.59,103.03,104.44,-1.42,2004
129,14,Trailblazers,41,41,-1.27,1.32,104.62,106.09,-1.46,2004
130,15,Bucks,41,41,1.06,-0.51,107.18,106.02,1.16,2004
131,16,Pelicans,41,41,-0.13,0.73,103.31,103.46,-0.15,2004
132,17,Knicks,39,43,-1.48,1.21,102.32,103.96,-1.64,2004
133,18,Warriors,37,45,-0.73,0.27,103.69,104.51,-0.81,2004
134,19,Sonics,37,45,-0.63,-3.33,108.13,108.83,-0.71,2004
135,20,Celtics,36,46,-1.45,-3.68,102.88,104.45,-1.57,2004
136,21,Cavaliers,35,47,-2.62,3.55,102.07,104.95,-2.88,2004
137,22,Raptors,33,49,-3.01,-5.45,97.88,101.33,-3.45,2004
138,23,76ers,33,49,-2.49,-0.55,100.17,103.00,-2.83,2004
139,24,Suns,29,53,-3.74,-3.15,102.21,106.28,-4.06,2004
140,25,Hawks,28,54,-4.65,-0.37,101.96,107.06,-5.10,2004
141,26,Clippers,28,54,-4.59,2.12,104.34,109.39,-5.05,2004
142,27,Wizards,25,57,-5.60,-0.74,99.58,105.65,-6.07,2004
143,28,Bulls,23,59,-6.35,-1.54,97.42,104.32,-6.90,2004
144,29,Magic,21,61,-7.02,-3.52,103.51,111.25,-7.73,2004
145,1,Suns,62,20,7.12,-2.00,115.05,107.63,7.42,2005
146,2,Spurs,59,23,7.81,2.20,108.31,99.52,8.79,2005
147,3,Heat,59,23,6.52,2.52,110.95,103.82,7.13,2005
148,4,Mavericks,58,24,5.74,-0.23,111.15,104.92,6.23,2005
149,5,Pistons,54,28,3.87,3.80,106.47,102.06,4.41,2005
150,6,Sonics,52,30,2.29,3.02,112.98,110.36,2.62,2005
151,7,Rockets,51,31,4.04,1.70,107.06,102.51,4.55,2005
152,8,Kings,50,32,2.16,-1.90,111.07,108.76,2.31,2005
153,9,Nuggets,49,33,2.02,0.29,106.70,104.53,2.17,2005
154,10,Bulls,47,35,1.06,1.09,102.09,100.95,1.15,2005
155,11,Wizards,45,37,-0.33,-0.26,107.92,108.28,-0.35,2005
156,12,Celtics,45,37,0.87,-1.45,108.22,107.29,0.93,2005
157,13,Grizzlies,45,37,2.29,-2.27,106.43,103.82,2.61,2005
158,14,Timberwolves,44,38,1.45,1.66,108.93,107.29,1.63,2005
159,15,Pacers,44,38,0.76,-1.24,106.31,105.45,0.86,2005
160,16,76ers,43,39,-0.74,-2.07,104.03,104.81,-0.78,2005
161,17,Cavaliers,42,40,0.79,2.52,107.53,106.64,0.88,2005
162,18,Nets,42,40,-1.50,-1.63,102.16,103.84,-1.68,2005
163,19,Clippers,37,45,-0.77,2.37,106.60,107.45,-0.86,2005
164,20,Magic,36,46,-2.24,1.59,105.54,107.92,-2.38,2005
165,21,Lakers,34,48,-2.96,0.77,108.82,112.09,-3.27,2005
166,22,Warriors,34,48,-2.16,-3.94,105.30,107.61,-2.30,2005
167,23,Raptors,33,49,-1.62,-5.16,107.61,109.36,-1.75,2005
168,24,Knicks,33,49,-2.44,-0.72,106.94,109.62,-2.68,2005
169,25,Bucks,30,52,-2.99,0.51,107.01,110.30,-3.29,2005
170,26,Trailblazers,27,55,-4.00,-1.06,104.18,108.67,-4.48,2005
171,27,Jazz,26,56,-4.27,2.45,105.45,110.29,-4.84,2005
172,28,Bobcats,18,64,-5.99,-1.55,101.81,108.28,-6.47,2005
173,29,Pelicans,18,64,-7.07,-1.61,100.67,108.73,-8.05,2005
174,30,Hawks,13,69,-9.71,0.61,101.26,111.86,-10.60,2005
175,1,Pistons,64,18,6.67,-0.34,111.57,103.88,7.69,2006
176,2,Spurs,63,19,6.82,1.17,107.95,100.25,7.70,2006
177,3,Mavericks,60,22,6.07,3.87,112.72,105.81,6.91,2006
178,4,Suns,54,28,5.55,-4.09,112.15,106.40,5.74,2006
179,5,Heat,52,30,3.87,4.24,109.48,105.24,4.24,2006
180,6,Cavaliers,50,32,2.23,2.95,108.42,105.94,2.48,2006
181,7,Grizzlies,49,33,3.70,-1.44,106.96,102.67,4.29,2006
182,8,Nets,49,33,1.37,-0.30,104.68,103.15,1.52,2006
183,9,Clippers,47,35,1.57,2.95,106.06,104.34,1.72,2006
184,10,Lakers,45,37,2.50,2.02,109.16,106.42,2.74,2006
185,11,Kings,44,38,1.54,-1.60,107.39,105.72,1.67,2006
186,12,Nuggets,44,38,0.23,-0.55,106.12,105.88,0.25,2006
187,13,Wizards,42,40,1.85,-0.76,110.01,108.00,2.01,2006
188,14,Jazz,41,41,-2.63,4.18,104.91,107.90,-2.99,2006
189,15,Pacers,41,41,1.89,0.89,105.15,103.04,2.12,2006
190,16,Bulls,41,41,0.63,1.05,104.63,103.95,0.68,2006
191,17,Bucks,40,42,-1.04,0.85,106.81,107.94,-1.13,2006
192,18,Pelicans,38,44,-2.82,-0.74,104.46,107.63,-3.17,2006
193,19,76ers,38,44,-1.95,-2.55,106.79,108.89,-2.10,2006
194,20,Magic,36,46,-1.07,1.76,107.03,108.24,-1.21,2006
195,21,Sonics,35,47,-3.02,-0.89,111.98,115.28,-3.30,2006
196,22,Rockets,34,48,-1.59,0.77,102.49,104.29,-1.80,2006
197,23,Warriors,34,48,-1.35,-2.21,105.39,106.84,-1.45,2006
198,24,Celtics,33,49,-1.54,-0.41,106.10,107.76,-1.66,2006
199,25,Timberwolves,33,49,-1.88,-1.85,103.31,105.43,-2.12,2006
200,26,Raptors,27,55,-2.99,-2.67,110.17,113.43,-3.26,2006
201,27,Hawks,26,56,-4.76,-0.18,107.20,112.44,-5.24,2006
202,28,Bobcats,26,56,-4.00,-4.23,103.12,107.37,-4.26,2006
203,29,Knicks,23,59,-6.40,2.80,104.73,111.74,-7.01,2006
204,30,Trailblazers,21,61,-9.45,-4.70,101.99,112.84,-10.85,2006
205,1,Mavericks,67,15,7.22,3.78,112.22,104.12,8.10,2007
206,2,Suns,61,21,7.31,-2.34,114.55,106.96,7.59,2007
207,3,Spurs,58,24,8.43,1.59,109.89,100.49,9.40,2007
208,4,Pistons,53,29,4.16,-0.66,109.67,104.92,4.75,2007
209,5,Rockets,52,30,4.85,2.50,106.64,101.30,5.34,2007
210,6,Jazz,51,31,2.87,5.49,110.60,107.48,3.12,2007
211,7,Cavaliers,50,32,3.83,3.66,106.21,102.01,4.20,2007
212,8,Bulls,49,33,5.01,2.78,105.71,100.34,5.36,2007
213,9,Raptors,47,35,0.99,-3.10,107.69,106.62,1.07,2007
214,10,Nuggets,45,37,1.62,1.12,108.19,106.52,1.67,2007
215,11,Heat,44,38,-0.92,-0.55,105.18,106.20,-1.02,2007
216,12,Warriors,42,40,-0.34,-5.00,107.59,107.94,-0.35,2007
217,13,Lakers,42,40,-0.07,-1.00,109.12,109.19,-0.08,2007
218,14,Nets,41,41,-0.77,-0.56,106.49,107.33,-0.84,2007
219,15,Wizards,41,41,-0.51,-1.79,110.76,111.31,-0.54,2007
220,16,Magic,40,42,0.78,3.12,105.85,104.98,0.87,2007
221,17,Clippers,40,42,-0.46,1.85,105.92,106.43,-0.51,2007
222,18,Pelicans,39,43,-1.57,2.33,105.59,107.33,-1.74,2007
223,19,Pacers,35,47,-2.44,0.21,103.53,106.17,-2.64,2007
224,20,76ers,35,47,-3.02,-1.48,104.35,107.67,-3.32,2007
225,21,Knicks,33,49,-2.85,4.46,106.39,109.50,-3.11,2007
226,22,Kings,33,49,-1.81,-4.41,106.72,108.62,-1.90,2007
227,23,Bobcats,33,49,-3.74,-2.74,104.24,108.27,-4.03,2007
228,24,Timberwolves,32,50,-3.67,-1.26,104.55,108.54,-4.00,2007
229,25,Trailblazers,32,50,-4.29,0.30,105.81,110.63,-4.83,2007
230,26,Sonics,31,51,-2.89,-1.37,108.16,111.31,-3.15,2007
231,27,Hawks,30,52,-4.76,-0.37,103.79,109.06,-5.27,2007
232,28,Bucks,28,54,-4.38,-3.87,107.63,112.36,-4.73,2007
233,29,Celtics,24,58,-3.42,-0.18,104.01,107.72,-3.71,2007
234,30,Grizzlies,22,60,-5.15,-2.52,107.55,113.00,-5.45,2007
235,1,Celtics,66,16,10.26,3.12,111.04,99.71,11.33,2008
236,2,Pistons,59,23,7.39,2.29,112.19,103.68,8.51,2008
237,3,Lakers,57,25,7.26,1.35,113.61,106.02,7.59,2008
238,4,Pelicans,56,26,5.28,1.01,112.21,106.34,5.88,2008
239,5,Spurs,56,26,4.79,0.98,107.93,102.51,5.42,2008
240,6,Rockets,55,27,4.68,3.98,107.39,102.19,5.20,2008
241,7,Suns,55,27,5.05,-2.39,113.99,108.76,5.23,2008
242,8,Jazz,54,28,6.88,3.07,114.38,106.97,7.41,2008
243,9,Magic,52,30,5.46,0.32,111.89,106.04,5.85,2008
244,10,Mavericks,51,31,4.54,2.74,111.84,106.79,5.05,2008
245,11,Nuggets,50,32,3.71,-1.29,110.52,106.81,3.70,2008
246,12,Warriors,48,34,2.21,-3.84,112.30,110.07,2.23,2008
247,13,Cavaliers,45,37,-0.35,4.16,106.71,107.10,-0.39,2008
248,14,Wizards,43,39,-0.33,0.40,109.95,110.32,-0.37,2008
249,15,Trailblazers,41,41,-0.98,-1.01,107.97,109.07,-1.11,2008
250,16,Raptors,41,41,2.90,-1.55,110.92,107.70,3.21,2008
251,17,76ers,40,42,0.42,2.70,107.33,106.87,0.46,2008
252,18,Kings,38,44,-2.26,-1.83,108.21,110.59,-2.38,2008
253,19,Hawks,37,45,-1.82,1.32,107.60,109.59,-1.99,2008
254,20,Pacers,36,46,-1.40,-2.34,106.66,108.10,-1.44,2008
255,21,Nets,34,48,-5.06,0.24,104.64,110.17,-5.53,2008
256,22,Bulls,33,49,-3.09,0.39,104.59,107.90,-3.32,2008
257,23,Bobcats,32,50,-4.38,-3.11,105.44,110.20,-4.76,2008
258,24,Bucks,26,56,-6.89,1.00,105.87,113.38,-7.52,2008
259,25,Clippers,23,59,-7.27,-3.44,101.80,109.69,-7.89,2008
260,26,Knicks,23,59,-6.61,-0.13,105.33,112.52,-7.18,2008
261,27,Grizzlies,22,60,-6.21,-2.90,105.52,112.03,-6.51,2008
262,28,Timberwolves,22,60,-6.78,-0.29,104.37,111.77,-7.40,2008
263,29,Sonics,20,62,-8.76,0.52,101.17,110.25,-9.08,2008
264,30,Heat,15,67,-8.65,-5.46,101.24,110.82,-9.58,2008
265,1,Cavaliers,66,16,8.93,3.34,113.25,103.17,10.08,2009
266,2,Lakers,65,17,7.66,2.46,113.45,105.33,8.13,2009
267,3,Celtics,62,20,7.51,4.54,111.34,103.05,8.29,2009
268,4,Magic,59,23,6.70,1.16,109.77,102.49,7.27,2009
269,5,Trailblazers,54,28,5.34,5.39,114.75,108.58,6.16,2009
270,6,Nuggets,54,28,3.42,0.37,111.05,107.42,3.64,2009
271,7,Spurs,54,28,3.76,0.62,109.19,104.96,4.23,2009
272,8,Rockets,53,29,4.00,3.06,109.17,104.73,4.44,2009
273,9,Mavericks,50,32,1.98,1.35,111.21,109.05,2.16,2009
274,10,Pelicans,49,33,1.55,-0.32,109.68,107.91,1.77,2009
275,11,Jazz,48,34,2.65,0.71,110.66,107.83,2.83,2009
276,12,Hawks,47,35,1.57,-1.88,110.18,108.41,1.77,2009
277,13,Suns,46,36,1.93,0.93,114.20,112.19,2.01,2009
278,14,Heat,43,39,0.26,-2.35,108.53,108.24,0.28,2009
279,15,76ers,41,41,0.07,1.88,108.67,108.59,0.08,2009
280,16,Bulls,41,41,-0.28,-0.70,109.17,109.47,-0.30,2009
281,17,Pistons,39,43,-0.49,1.04,108.14,108.70,-0.56,2009
282,18,Pacers,36,46,-1.11,-0.39,108.74,109.89,-1.15,2009
283,19,Bobcats,35,47,-1.27,0.79,105.47,106.90,-1.43,2009
284,20,Nets,34,48,-2.44,-1.59,109.13,111.84,-2.71,2009
285,21,Bucks,34,48,-1.09,-0.23,107.45,108.62,-1.17,2009
286,22,Raptors,33,49,-2.82,-1.48,107.64,110.71,-3.06,2009
287,23,Knicks,32,50,-2.61,-3.93,108.70,111.39,-2.70,2009
288,24,Warriors,29,53,-3.74,-5.05,109.99,113.78,-3.79,2009
289,25,Timberwolves,24,58,-4.92,0.77,106.75,112.12,-5.37,2009
290,26,Grizzlies,24,58,-5.46,-1.09,104.46,110.54,-6.08,2009
291,27,Thunder,23,59,-6.10,1.45,103.56,110.07,-6.51,2009
292,28,Clippers,19,63,-8.77,-4.24,102.95,112.44,-9.49,2009
293,29,Wizards,19,63,-7.46,-1.70,106.01,114.25,-8.24,2009
294,30,Kings,17,65,-8.76,-4.93,106.26,115.51,-9.25,2009
295,1,Cavaliers,61,21,6.52,3.94,111.21,104.11,7.11,2010
296,2,Magic,59,23,7.49,3.23,111.37,103.25,8.12,2010
297,3,Lakers,57,25,4.72,2.13,108.76,103.72,5.05,2010
298,4,Mavericks,55,27,2.72,-1.15,109.16,106.25,2.91,2010
299,5,Suns,54,28,4.90,0.66,115.34,110.21,5.13,2010
300,6,Jazz,53,29,5.34,3.01,110.68,105.01,5.67,2010
301,7,Hawks,53,29,4.66,0.33,111.85,106.73,5.13,2010
302,8,Nuggets,53,29,4.09,-0.90,111.76,107.47,4.29,2010
303,9,Thunder,50,32,3.49,2.84,108.34,104.62,3.72,2010
304,10,Trailblazers,50,32,3.31,2.11,110.84,107.11,3.73,2010
305,11,Spurs,50,32,5.09,3.26,110.02,104.50,5.52,2010
306,12,Celtics,50,32,3.66,-1.48,107.73,103.76,3.97,2010
307,13,Heat,47,35,2.28,1.09,106.61,104.09,2.52,2010
308,14,Bucks,46,36,1.70,0.18,104.93,103.10,1.82,2010
309,15,Bobcats,44,38,1.46,1.20,104.39,102.79,1.60,2010
310,16,Rockets,42,40,-0.37,-0.79,107.63,108.02,-0.39,2010
311,17,Bulls,41,41,-1.63,1.79,103.53,105.26,-1.74,2010
312,18,Raptors,40,42,-1.78,-0.89,111.27,113.18,-1.90,2010
313,19,Grizzlies,40,42,-1.51,3.78,108.30,109.90,-1.60,2010
314,20,Pelicans,37,45,-2.46,-1.88,107.41,110.05,-2.64,2010
315,21,Pacers,32,50,-3.01,-5.10,103.69,106.79,-3.10,2010
316,22,Knicks,29,53,-3.82,-4.51,107.57,111.59,-4.02,2010
317,23,Clippers,29,53,-6.35,0.73,103.26,110.12,-6.85,2010
318,24,Pistons,27,55,-5.11,0.74,105.64,111.38,-5.74,2010
319,25,76ers,27,55,-3.90,0.05,106.06,110.29,-4.24,2010
320,26,Wizards,26,56,-4.78,-0.50,104.23,109.41,-5.18,2010
321,27,Warriors,26,56,-3.60,-9.66,108.15,111.73,-3.58,2010
322,28,Kings,25,57,-4.37,0.59,105.33,109.93,-4.60,2010
323,29,Timberwolves,15,67,-9.60,-0.50,101.65,111.59,-9.94,2010
324,30,Nets,12,70,-9.12,-4.30,100.61,110.55,-9.94,2010
325,1,Bulls,62,20,7.32,5.74,108.32,100.29,8.04,2011
326,2,Spurs,61,21,5.71,0.66,111.76,105.61,6.15,2011
327,3,Heat,58,24,7.46,2.96,111.71,103.54,8.17,2011
328,4,Mavericks,57,25,4.23,0.72,109.67,105.04,4.63,2011
329,5,Lakers,57,25,6.11,2.49,111.00,104.31,6.68,2011
330,6,Celtics,56,26,5.37,-0.83,106.24,100.33,5.91,2011
331,7,Thunder,55,27,3.79,2.20,111.23,107.21,4.02,2011
332,8,Magic,52,30,5.46,3.51,107.91,101.97,5.94,2011
333,9,Nuggets,50,32,4.76,0.66,112.28,107.31,4.97,2011
334,10,Trailblazers,48,34,1.52,-0.33,108.83,107.10,1.72,2011
335,11,Pelicans,46,36,0.89,0.80,106.19,105.20,1.00,2011
336,12,Grizzlies,46,36,2.34,0.84,107.65,105.13,2.52,2011
337,13,Hawks,44,38,-0.82,-1.28,106.08,107.00,-0.91,2011
338,14,Rockets,43,39,2.18,0.05,111.30,109.01,2.29,2011
339,15,Knicks,42,40,0.78,-3.57,110.88,110.07,0.81,2011
340,16,76ers,41,41,1.50,-0.74,106.64,105.02,1.62,2011
341,17,Suns,40,42,-0.89,-4.06,109.46,110.38,-0.93,2011
342,18,Jazz,39,43,-1.83,-1.40,108.10,110.09,-1.99,2011
343,19,Pacers,37,45,-1.07,0.27,104.83,105.95,-1.13,2011
344,20,Warriors,36,46,-2.33,-4.26,108.21,110.65,-2.44,2011
345,21,Bucks,35,47,-0.84,-1.50,101.58,102.52,-0.93,2011
346,22,Bobcats,34,48,-4.00,0.51,103.41,107.85,-4.43,2011
347,23,Clippers,32,50,-3.13,1.61,105.31,108.66,-3.35,2011
348,24,Pistons,30,52,-3.60,-2.06,107.67,111.66,-4.00,2011
349,25,Nets,24,58,-6.24,-0.91,103.06,109.89,-6.83,2011
350,26,Kings,24,58,-5.34,2.70,103.49,109.05,-5.56,2011
351,27,Wizards,23,59,-7.40,-2.61,102.37,110.16,-7.79,2011
352,28,Raptors,22,60,-6.28,-0.77,106.15,112.88,-6.73,2011
353,29,Cavaliers,19,63,-9.01,-3.23,102.19,111.84,-9.65,2011
354,30,Timberwolves,17,65,-6.63,1.84,104.25,111.09,-6.84,2011
355,1,Spurs,50,16,7.17,1.77,110.88,103.21,7.67,2012
356,2,Bulls,50,16,8.18,6.68,107.41,98.29,9.12,2012
357,3,Thunder,47,19,6.12,2.41,109.76,103.24,6.52,2012
358,4,Heat,46,20,5.99,1.83,106.63,100.15,6.48,2012
359,5,Pacers,42,24,3.30,1.59,106.68,103.08,3.61,2012
360,6,Lakers,41,25,1.42,5.24,105.97,104.42,1.55,2012
361,7,Grizzlies,41,25,2.02,1.39,103.97,101.76,2.21,2012
362,8,Clippers,40,26,2.56,1.77,108.54,105.69,2.85,2012
363,9,Hawks,40,26,3.44,-1.11,104.91,101.18,3.74,2012
364,10,Celtics,39,27,2.52,-4.41,101.01,98.24,2.77,2012
365,11,Nuggets,38,28,2.88,2.80,109.17,106.15,3.02,2012
366,12,Magic,37,29,0.79,1.12,104.95,104.08,0.88,2012
367,13,Mavericks,36,30,0.96,-1.15,103.30,102.27,1.03,2012
368,14,Jazz,36,30,0.62,3.03,106.80,106.13,0.67,2012
369,15,Knicks,36,30,3.20,-0.11,104.37,100.96,3.41,2012
370,16,76ers,35,31,4.24,-0.59,103.92,99.21,4.71,2012
371,17,Rockets,34,32,0.23,0.41,105.48,105.24,0.24,2012
372,18,Suns,33,33,-0.24,-1.74,106.20,106.47,-0.26,2012
373,19,Bucks,31,35,0.27,-2.24,105.45,105.16,0.29,2012
374,20,Trailblazers,28,38,-0.62,-1.64,105.73,106.40,-0.68,2012
375,21,Timberwolves,26,40,-2.20,0.29,104.31,106.65,-2.34,2012
376,22,Pistons,25,41,-4.79,-0.47,101.02,106.34,-5.32,2012
377,23,Warriors,23,43,-3.41,-6.65,105.38,109.06,-3.67,2012
378,24,Raptors,23,43,-3.30,1.47,100.81,104.48,-3.67,2012
379,25,Nets,22,44,-5.99,-2.27,102.95,109.57,-6.62,2012
380,26,Kings,22,44,-5.68,-2.11,103.82,109.79,-5.97,2012
381,27,Cavaliers,21,45,-7.20,-0.53,101.08,108.90,-7.82,2012
382,28,Pelicans,21,45,-3.76,1.12,100.86,105.09,-4.23,2012
383,29,Wizards,20,46,-4.80,-1.86,101.04,106.22,-5.18,2012
384,30,Bobcats,7,59,-13.91,-6.06,95.16,110.38,-15.22,2012
385,1,Heat,66,16,7.87,-1.51,112.32,103.73,8.59,2013
386,2,Thunder,60,22,9.21,2.93,112.41,102.62,9.79,2013
387,3,Spurs,58,24,6.40,-1.26,108.29,101.56,6.73,2013
388,4,Nuggets,57,25,5.09,3.46,110.40,105.11,5.29,2013
389,5,Grizzlies,56,26,4.15,3.66,104.92,100.26,4.66,2013
390,6,Clippers,56,26,6.45,2.52,110.63,103.57,7.06,2013
391,7,Knicks,54,28,4.23,-1.09,111.05,106.35,4.70,2013
392,8,Pacers,49,32,4.03,4.96,104.27,99.84,4.43,2013
393,9,Nets,49,33,1.78,3.59,108.16,106.17,1.99,2013
394,10,Warriors,47,35,0.89,2.22,106.41,105.47,0.94,2013
395,11,Rockets,45,37,3.48,1.82,109.69,106.09,3.60,2013
396,12,Bulls,45,37,0.32,2.07,103.50,103.15,0.35,2013
397,13,Lakers,45,37,1.16,2.13,107.82,106.60,1.22,2013
398,14,Hawks,44,38,0.40,-2.88,104.81,104.38,0.43,2013
399,15,Jazz,43,39,-0.09,1.23,106.71,106.80,-0.09,2013
400,16,Celtics,41,40,-0.22,-4.22,103.08,103.31,-0.24,2013
401,17,Mavericks,41,41,-0.60,-3.70,105.91,106.54,-0.63,2013
402,18,Bucks,38,44,-1.50,-2.09,103.63,105.21,-1.57,2013
403,19,76ers,34,48,-3.34,-2.63,101.99,105.65,-3.66,2013
404,20,Raptors,34,48,-1.48,-1.52,105.93,107.54,-1.61,2013
405,21,Trailblazers,33,49,-3.17,-1.60,105.75,109.19,-3.44,2013
406,22,Timberwolves,31,51,-2.37,-0.10,102.82,105.36,-2.54,2013
407,23,Pistons,29,53,-3.99,0.37,103.77,108.13,-4.36,2013
408,24,Wizards,29,53,-2.54,-1.01,100.25,102.97,-2.73,2013
409,25,Kings,28,54,-4.88,-2.98,106.20,111.37,-5.17,2013
410,26,Pelicans,27,55,-3.87,2.28,105.73,110.08,-4.35,2013
411,27,Suns,25,57,-6.46,-1.73,101.21,108.08,-6.87,2013
412,28,Cavaliers,24,58,-4.68,-1.10,104.31,109.37,-5.06,2013
413,29,Bobcats,21,61,-9.23,-3.78,101.50,111.53,-10.03,2013
414,30,Magic,20,62,-6.99,-0.05,101.58,109.13,-7.54,2013
415,1,Spurs,62,20,7.72,1.05,110.50,102.41,8.10,2014
416,2,Thunder,59,23,6.34,3.80,110.52,103.92,6.60,2014
417,3,Clippers,57,25,6.98,-0.73,112.06,104.82,7.24,2014
418,4,Pacers,56,26,4.40,3.50,104.10,99.36,4.74,2014
419,5,Heat,54,28,4.76,-3.45,110.92,105.75,5.16,2014
420,6,Trailblazers,54,28,3.99,2.95,111.53,107.36,4.17,2014
421,7,Rockets,54,28,4.56,3.70,110.94,106.25,4.70,2014
422,8,Warriors,51,31,4.81,2.00,107.53,102.58,4.96,2014
423,9,Grizzlies,50,32,1.57,3.21,106.33,104.59,1.74,2014
424,10,Mavericks,49,33,2.40,-1.93,111.23,108.68,2.55,2014
425,11,Suns,48,34,2.63,0.21,109.47,106.73,2.74,2014
426,12,Bulls,48,34,1.85,2.90,102.52,100.49,2.03,2014
427,13,Raptors,48,34,3.24,1.54,108.77,105.28,3.48,2014
428,14,Nets,44,38,-1.00,-4.72,106.66,107.74,-1.08,2014
429,15,Wizards,44,38,1.27,-0.01,105.99,104.66,1.34,2014
430,16,Bobcats,43,39,-0.22,-0.62,103.59,103.82,-0.24,2014
431,17,Timberwolves,40,42,2.67,0.55,108.90,106.18,2.72,2014
432,18,Hawks,38,44,-0.48,-3.57,105.92,106.42,-0.50,2014
433,19,Knicks,37,45,-0.79,-1.66,108.26,109.13,-0.87,2014
434,20,Nuggets,36,46,-2.15,1.59,106.02,108.20,-2.18,2014
435,21,Pelicans,34,48,-2.71,0.00,107.23,110.14,-2.91,2014
436,22,Cavaliers,33,49,-3.29,1.56,104.17,107.66,-3.49,2014
437,23,Pistons,29,53,-3.66,2.39,105.91,109.75,-3.84,2014
438,24,Kings,28,54,-2.90,3.21,105.71,108.76,-3.05,2014
439,25,Lakers,27,55,-6.29,-7.96,104.20,110.57,-6.37,2014
440,26,Jazz,25,57,-7.17,-1.28,103.46,111.27,-7.81,2014
441,27,Celtics,25,57,-4.46,0.24,102.90,107.67,-4.77,2014
442,28,Magic,23,59,-5.44,-1.91,101.65,107.38,-5.73,2014
443,29,76ers,19,63,-10.45,-4.16,99.42,109.86,-10.45,2014
444,30,Bucks,15,67,-8.18,-2.38,102.98,111.81,-8.83,2014
445,1,Warriors,67,15,10.07,9.35,123.58,90.48,33.10,2015
446,2,Hawks,60,22,5.44,4.59,117.78,94.00,23.78,2015
447,3,Rockets,56,26,3.44,7.72,117.59,93.51,24.07,2015
448,4,Clippers,56,26,6.59,6.28,121.11,96.92,24.19,2015
449,5,Grizzlies,55,27,3.24,5.25,112.10,96.00,16.11,2015
450,6,Spurs,55,27,6.20,5.04,113.05,97.89,15.16,2015
451,7,Cavaliers,53,29,4.49,10.75,122.81,95.17,27.64,2015
452,8,Trailblazers,51,31,4.23,3.74,110.95,100.77,10.17,2015
453,9,Bulls,50,32,3.00,7.82,114.45,97.46,16.99,2015
454,10,Mavericks,50,32,2.90,-0.93,112.80,103.11,9.69,2015
455,11,Raptors,49,33,3.07,0.94,113.20,105.10,8.10,2015
456,12,Wizards,46,36,0.74,7.78,110.09,97.10,12.99,2015
457,13,Pelicans,45,37,0.79,3.80,110.84,104.77,6.07,2015
458,14,Thunder,45,37,2.18,4.79,107.76,105.49,2.26,2015
459,15,Bucks,41,41,0.44,2.25,105.72,98.71,7.01,2015
460,16,Celtics,40,42,0.16,1.07,106.95,102.13,4.83,2015
461,17,Suns,39,43,-0.90,-2.16,105.29,106.22,-0.93,2015
462,18,Jazz,38,44,0.22,4.72,105.11,104.86,0.24,2015
463,19,Pacers,38,44,0.28,2.13,103.54,103.25,0.30,2015
464,20,Nets,38,44,-2.87,1.22,107.92,103.62,4.30,2015
465,21,Heat,37,45,-2.62,-1.90,103.82,106.70,-2.88,2015
466,22,Hornets,33,49,-3.17,-0.07,100.15,103.53,-3.37,2015
467,23,Pistons,32,50,-1.00,0.79,105.34,106.41,-1.07,2015
468,24,Nuggets,30,52,-3.55,-0.40,104.52,108.18,-3.66,2015
469,25,Kings,29,53,-3.71,2.99,105.35,109.21,-3.85,2015
470,26,Magic,25,57,-5.72,-1.65,101.58,107.66,-6.07,2015
471,27,Lakers,21,61,-6.87,-0.29,103.44,110.63,-7.19,2015
472,28,76ers,18,64,-8.98,-3.40,95.46,104.78,-9.32,2015
473,29,Knicks,17,65,-9.29,-3.12,99.90,110.00,-10.10,2015
474,30,Timberwolves,16,66,-8.82,-2.65,102.90,112.18,-9.28,2015
475,1,Warriors,88,18,9.29,1.18,113.61,104.29,9.32,2016
476,2,Spurs,73,19,10.47,2.59,110.39,99.21,11.18,2016
477,3,Cavaliers,73,30,6.53,3.85,111.80,104.82,6.99,2016
478,4,Thunder,66,34,6.92,8.32,112.89,105.76,7.13,2016
479,5,Raptors,66,36,2.78,1.99,108.63,105.63,3.00,2016
480,6,Clippers,55,33,4.06,-4.64,108.05,103.84,4.21,2016
481,7,Hornets,51,38,1.81,-1.46,106.54,104.66,1.88,2016
482,8,Heat,55,41,1.87,3.23,105.95,103.97,1.98,2016
483,9,Celtics,50,38,2.53,-1.11,105.93,103.37,2.56,2016
484,10,Hawks,52,40,3.11,-4.12,104.89,101.71,3.18,2016
485,11,Pacers,48,41,1.69,-0.69,104.70,102.96,1.74,2016
486,12,Trailblazers,49,44,0.45,1.67,108.77,108.30,0.47,2016
487,13,Bulls,42,40,-1.48,0.35,104.99,106.51,-1.52,2016
488,14,Pistons,44,42,0.19,3.44,106.27,106.08,0.20,2016
489,15,Wizards,41,41,-0.50,-2.43,105.30,105.80,-0.51,2016
490,16,Mavericks,43,44,-1.33,-3.22,106.46,107.86,-1.39,2016
491,17,Grizzlies,42,44,-3.16,-1.55,104.80,108.17,-3.37,2016
492,18,Jazz,40,42,1.79,3.17,105.89,103.93,1.96,2016
493,19,Rockets,42,45,-0.90,-1.28,107.42,108.33,-0.91,2016
494,20,Magic,35,47,-1.62,-0.98,105.11,106.79,-1.67,2016
495,21,Kings,33,49,-2.48,-0.78,105.96,108.42,-2.46,2016
496,22,Nuggets,33,49,-3.10,1.91,105.64,108.85,-3.21,2016
497,23,Bucks,33,49,-4.18,-1.27,104.34,108.75,-4.41,2016
498,24,Knicks,32,50,-2.73,0.18,104.64,107.55,-2.91,2016
499,25,Pelicans,30,52,-3.79,-1.80,105.60,109.50,-3.90,2016
500,26,Timberwolves,29,53,-3.54,-0.35,106.47,110.15,-3.68,2016
501,27,Suns,23,59,-6.66,1.12,102.25,109.00,-6.75,2016
502,28,Nets,21,61,-7.35,-0.99,103.19,110.88,-7.69,2016
503,29,Lakers,17,65,-9.56,-3.48,101.58,111.56,-9.98,2016
504,30,76ers,10,72,-10.23,-6.33,98.83,109.21,-10.38,2016
505,1,Warriors,83,16,11.93,1.26,115.24,103.44,11.81,2017
506,2,Spurs,69,29,6.18,2.72,111.26,104.75,6.52,2017
507,3,Rockets,61,32,5.23,-0.14,114.05,108.84,5.21,2017
508,4,Cavaliers,64,36,4.04,-0.03,114.50,110.34,4.15,2017
509,5,Celtics,62,38,1.64,-3.32,110.86,109.17,1.69,2017
510,6,Clippers,54,35,3.90,-0.03,112.15,108.10,4.06,2017
511,7,Raptors,55,37,3.13,0.92,111.07,107.78,3.29,2017
512,8,Jazz,55,38,2.91,2.54,108.66,105.50,3.16,2017
513,9,Wizards,56,39,1.56,0.07,110.95,109.36,1.59,2017
514,10,Thunder,48,39,0.22,5.59,107.94,107.72,0.22,2017
515,11,Grizzlies,45,43,-0.11,0.20,107.53,107.65,-0.12,2017
516,12,Hawks,45,43,-0.88,0.69,104.60,105.48,-0.89,2017
517,13,Bucks,44,44,-0.11,-2.13,108.37,108.49,-0.12,2017
518,14,Heat,41,41,1.06,0.12,107.74,106.63,1.11,2017
519,15,Bulls,43,45,-0.07,3.24,107.13,107.20,-0.07,2017
520,16,Pacers,42,44,-0.37,-2.08,108.68,109.06,-0.38,2017
521,17,Nuggets,40,42,0.51,5.46,112.76,112.24,0.52,2017
522,18,Trailblazers,41,45,-1.34,-0.48,109.32,110.68,-1.36,2017
523,19,Pistons,37,45,-1.12,2.87,105.54,106.71,-1.17,2017
524,20,Hornets,36,46,0.20,-0.71,108.66,108.45,0.20,2017
525,21,Pelicans,34,48,-2.10,-4.62,104.73,106.84,-2.11,2017
526,22,Mavericks,33,49,-2.93,-5.87,105.39,108.54,-3.15,2017
527,23,Kings,32,50,-3.88,-1.79,107.06,111.10,-4.04,2017
528,24,Knicks,31,51,-3.67,0.39,107.59,111.37,-3.79,2017
529,25,Timberwolves,31,51,-1.11,2.04,110.69,111.85,-1.16,2017
530,26,Magic,29,53,-6.57,-2.29,103.64,110.38,-6.74,2017
531,27,76ers,28,54,-5.68,-2.11,102.95,108.66,-5.71,2017
532,28,Lakers,26,56,-7.02,-0.99,105.30,112.39,-7.09,2017
533,29,Suns,24,58,-5.63,0.88,106.06,111.61,-5.55,2017
534,30,Nets,20,62,-6.73,-3.28,103.44,110.03,-6.58,2017
535,1,Rockets,76,23,7.30,1.08,114.24,106.73,7.51,2018
536,2,Warriors,74,29,6.83,1.27,114.22,107.32,6.91,2018
537,3,Raptors,63,29,6.45,1.52,114.08,107.46,6.61,2018
538,4,Celtics,66,35,3.04,0.29,108.09,104.91,3.17,2018
539,5,76ers,57,35,4.44,5.54,110.02,105.58,4.45,2018
540,6,Cavaliers,62,42,0.35,-1.01,112.52,112.16,0.36,2018
541,7,Pelicans,53,38,1.10,-1.18,109.80,108.72,1.08,2018
542,8,Pacers,51,38,1.72,-0.48,110.16,108.36,1.80,2018
543,9,Jazz,53,40,3.54,1.55,108.31,104.62,3.69,2018
544,10,Trailblazers,49,37,2.06,2.42,109.26,107.13,2.13,2018
545,11,Thunder,50,38,2.89,2.47,110.81,107.83,2.98,2018
546,12,Nuggets,46,36,1.48,2.85,112.94,111.42,1.52,2018
547,13,Timberwolves,48,39,1.60,0.26,113.59,111.93,1.66,2018
548,14,Spurs,48,39,2.22,0.99,108.05,105.71,2.34,2018
549,15,Bucks,47,42,-0.33,-2.96,110.43,110.76,-0.34,2018
550,16,Heat,45,42,-0.17,-0.17,107.11,107.29,-0.18,2018
551,17,Clippers,42,40,0.04,0.28,110.76,110.73,0.04,2018
552,18,Wizards,45,43,0.41,0.53,109.88,109.45,0.42,2018
553,19,Pistons,39,43,-0.15,-0.01,107.72,107.87,-0.15,2018
554,20,Hornets,36,46,0.26,1.76,109.77,109.51,0.26,2018
555,21,Lakers,35,47,-1.55,1.55,106.93,108.46,-1.53,2018
556,22,Knicks,29,53,-3.56,0.85,107.46,111.13,-3.66,2018
557,23,Nets,28,54,-3.76,-2.33,107.45,111.24,-3.79,2018
558,24,Kings,27,55,-6.99,-2.88,104.27,111.64,-7.37,2018
559,25,Bulls,27,55,-7.02,-0.94,104.33,111.45,-7.12,2018
560,26,Magic,25,57,-4.81,-4.20,105.78,110.70,-4.92,2018
561,27,Mavericks,24,58,-3.00,-4.44,106.72,109.85,-3.13,2018
562,28,Hawks,24,58,-5.45,-2.37,105.43,111.00,-5.56,2018
563,29,Grizzlies,22,60,-6.21,-1.93,105.02,111.58,-6.56,2018
564,30,Suns,21,61,-9.37,-1.73,103.98,113.35,-9.37,2018
565,1,Bucks,70,27,8.86,4.80,113.38,104.82,8.56,2019
566,2,Raptors,72,31,5.96,-0.45,112.43,106.49,5.94,2019
567,3,Warriors,70,31,6.14,2.02,116.01,109.95,6.07,2019
568,4,Nuggets,61,35,3.65,3.52,113.20,109.47,3.74,2019
569,5,Rockets,59,34,4.57,-3.02,115.03,110.39,4.64,2019
570,6,Trailblazers,61,37,3.28,3.83,114.02,110.74,3.28,2019
571,7,76ers,58,36,2.73,4.77,112.24,109.56,2.68,2019
572,8,Celtics,54,37,3.88,-0.99,111.25,107.38,3.87,2019
573,9,Jazz,51,36,4.43,3.70,110.28,105.88,4.40,2019
574,10,Thunder,50,37,2.87,2.16,110.03,107.26,2.78,2019
575,11,Spurs,51,38,1.40,0.79,112.86,111.43,1.43,2019
576,12,Clippers,50,38,0.13,-0.66,112.31,112.19,0.12,2019
577,13,Pacers,48,38,2.85,-0.95,109.35,106.44,2.91,2019
578,14,Magic,43,44,-0.15,0.60,108.15,108.31,-0.15,2019
579,15,Nets,43,44,-0.70,-0.33,109.47,110.16,-0.68,2019
580,16,Pistons,41,45,-1.34,0.77,108.39,109.75,-1.36,2019
581,17,Kings,39,43,-1.12,-2.56,110.43,111.52,-1.09,2019
582,18,Hornets,39,43,-1.10,-1.93,111.39,112.49,-1.10,2019
583,19,Heat,39,43,-0.23,2.15,107.33,107.57,-0.24,2019
584,20,Lakers,37,45,-1.72,-0.29,107.83,109.49,-1.66,2019
585,21,Timberwolves,36,46,-1.50,-0.83,111.44,112.93,-1.49,2019
586,22,Pelicans,33,49,-1.33,1.48,111.37,112.65,-1.28,2019
587,23,Grizzlies,33,49,-2.60,-2.89,106.10,108.76,-2.66,2019
588,24,Mavericks,33,49,-1.28,0.44,109.43,110.72,-1.29,2019
589,25,Wizards,32,50,-2.90,-5.00,111.05,113.88,-2.83,2019
590,26,Hawks,29,53,-6.02,0.11,108.15,113.89,-5.75,2019
591,27,Bulls,22,60,-8.42,-3.52,104.80,113.20,-8.40,2019
592,28,Cavaliers,19,63,-9.63,-1.43,107.67,117.60,-9.93,2019
593,29,Suns,19,63,-9.34,-6.74,105.85,115.05,-9.20,2019
594,30,Knicks,17,65,-9.22,-2.67,104.44,113.67,-9.24,2019
